run,trajectory,pass,cycle,step,local_step,total_steps,lr,lr_multiplier,weight_decay_multiplier,distill,reward
baseline,,1,,1,1,128,5e-06,1.000000,,,0.045000
baseline,,1,,2,2,128,4.999e-06,0.999800,,,0.045000
baseline,,1,,3,3,128,4.997e-06,0.999400,,,0.031000
baseline,,1,,4,4,128,4.993e-06,0.998600,,,0.045000
baseline,,1,,5,5,128,4.988e-06,0.997600,,,0.036000
baseline,,1,,6,6,128,4.981e-06,0.996200,,,0.034000
baseline,,1,,7,7,128,4.973e-06,0.994600,,,0.033000
baseline,,1,,8,8,128,4.963e-06,0.992600,,,0.054000
baseline,,1,,9,9,128,4.951e-06,0.990200,,,0.038000
baseline,,1,,10,10,128,4.938e-06,0.987600,,,0.039000
baseline,,1,,11,11,128,4.924e-06,0.984800,,,0.036000
baseline,,1,,12,12,128,4.908e-06,0.981600,,,0.041000
baseline,,1,,13,13,128,4.891e-06,0.978200,,,0.039000
baseline,,1,,14,14,128,4.872e-06,0.974400,,,0.039000
baseline,,1,,15,15,128,4.852e-06,0.970400,,,0.041000
baseline,,1,,16,16,128,4.83e-06,0.966000,,,0.044000
baseline,,1,,17,17,128,4.807e-06,0.961400,,,0.038000
baseline,,1,,18,18,128,4.782e-06,0.956400,,,0.041000
baseline,,1,,19,19,128,4.756e-06,0.951200,,,0.038000
baseline,,1,,20,20,128,4.729e-06,0.945800,,,0.041000
baseline,,1,,21,21,128,4.7e-06,0.940000,,,0.038000
baseline,,1,,22,22,128,4.67e-06,0.934000,,,0.053000
baseline,,1,,23,23,128,4.639e-06,0.927800,,,0.033000
baseline,,1,,24,24,128,4.606e-06,0.921200,,,0.036000
baseline,,1,,25,25,128,4.572e-06,0.914400,,,0.043000
baseline,,1,,26,26,128,4.537e-06,0.907400,,,0.048000
baseline,,1,,27,27,128,4.501e-06,0.900200,,,0.035000
baseline,,1,,28,28,128,4.463e-06,0.892600,,,0.045000
baseline,,1,,29,29,128,4.424e-06,0.884800,,,0.032000
baseline,,1,,30,30,128,4.384e-06,0.876800,,,0.036000
baseline,,1,,31,31,128,4.343e-06,0.868600,,,0.040000
baseline,,1,,32,32,128,4.3e-06,0.860000,,,0.047000
baseline,,2,,33,1,128,4.257e-06,0.851400,,,0.060000
baseline,,2,,34,2,128,4.212e-06,0.842400,,,0.041000
baseline,,2,,35,3,128,4.167e-06,0.833400,,,0.071000
baseline,,2,,36,4,128,4.12e-06,0.824000,,,0.050000
baseline,,2,,37,5,128,4.072e-06,0.814400,,,0.032000
baseline,,2,,38,6,128,4.024e-06,0.804800,,,0.049000
baseline,,2,,39,7,128,3.974e-06,0.794800,,,0.040000
baseline,,2,,40,8,128,3.924e-06,0.784800,,,0.042000
baseline,,2,,41,9,128,3.873e-06,0.774600,,,0.052000
baseline,,2,,42,10,128,3.821e-06,0.764200,,,0.033000
baseline,,2,,43,11,128,3.768e-06,0.753600,,,0.048000
baseline,,2,,44,12,128,3.714e-06,0.742800,,,0.030000
baseline,,2,,45,13,128,3.66e-06,0.732000,,,0.031000
baseline,,2,,46,14,128,3.605e-06,0.721000,,,0.041000
baseline,,2,,47,15,128,3.549e-06,0.709800,,,0.054000
baseline,,2,,48,16,128,3.492e-06,0.698400,,,0.037000
baseline,,2,,49,17,128,3.435e-06,0.687000,,,0.048000
baseline,,2,,50,18,128,3.378e-06,0.675600,,,0.042000
baseline,,2,,51,19,128,3.319e-06,0.663800,,,0.064000
baseline,,2,,52,20,128,3.261e-06,0.652200,,,0.045000
baseline,,2,,53,21,128,3.202e-06,0.640400,,,0.056000
baseline,,2,,54,22,128,3.142e-06,0.628400,,,0.050000
baseline,,2,,55,23,128,3.082e-06,0.616400,,,0.035000
baseline,,2,,56,24,128,3.022e-06,0.604400,,,0.042000
baseline,,2,,57,25,128,2.961e-06,0.592200,,,0.050000
baseline,,2,,58,26,128,2.9e-06,0.580000,,,0.038000
baseline,,2,,59,27,128,2.839e-06,0.567800,,,0.043000
baseline,,2,,60,28,128,2.778e-06,0.555600,,,0.037000
baseline,,2,,61,29,128,2.716e-06,0.543200,,,0.050000
baseline,,2,,62,30,128,2.655e-06,0.531000,,,0.050000
baseline,,2,,63,31,128,2.593e-06,0.518600,,,0.040000
baseline,,2,,64,32,128,2.531e-06,0.506200,,,0.043000
baseline,,3,,65,1,128,2.469e-06,0.493800,,,0.049000
baseline,,3,,66,2,128,2.407e-06,0.481400,,,0.047000
baseline,,3,,67,3,128,2.345e-06,0.469000,,,0.045000
baseline,,3,,68,4,128,2.284e-06,0.456800,,,0.056000
baseline,,3,,69,5,128,2.222e-06,0.444400,,,0.039000
baseline,,3,,70,6,128,2.161e-06,0.432200,,,0.044000
baseline,,3,,71,7,128,2.1e-06,0.420000,,,0.045000
baseline,,3,,72,8,128,2.039e-06,0.407800,,,0.044000
baseline,,3,,73,9,128,1.978e-06,0.395600,,,0.038000
baseline,,3,,74,10,128,1.918e-06,0.383600,,,0.048000
baseline,,3,,75,11,128,1.858e-06,0.371600,,,0.061000
baseline,,3,,76,12,128,1.798e-06,0.359600,,,0.061000
baseline,,3,,77,13,128,1.739e-06,0.347800,,,0.050000
baseline,,3,,78,14,128,1.681e-06,0.336200,,,0.046000
baseline,,3,,79,15,128,1.622e-06,0.324400,,,0.052000
baseline,,3,,80,16,128,1.565e-06,0.313000,,,0.043000
baseline,,3,,81,17,128,1.508e-06,0.301600,,,0.045000
baseline,,3,,82,18,128,1.451e-06,0.290200,,,0.041000
baseline,,3,,83,19,128,1.395e-06,0.279000,,,0.048000
baseline,,3,,84,20,128,1.34e-06,0.268000,,,0.044000
baseline,,3,,85,21,128,1.286e-06,0.257200,,,0.043000
baseline,,3,,86,22,128,1.232e-06,0.246400,,,0.046000
baseline,,3,,87,23,128,1.179e-06,0.235800,,,0.053000
baseline,,3,,88,24,128,1.127e-06,0.225400,,,0.051000
baseline,,3,,89,25,128,1.076e-06,0.215200,,,0.039000
baseline,,3,,90,26,128,1.026e-06,0.205200,,,0.039000
baseline,,3,,91,27,128,9.761e-07,0.195220,,,0.054000
baseline,,3,,92,28,128,9.275e-07,0.185500,,,0.052000
baseline,,3,,93,29,128,8.799e-07,0.175980,,,0.054000
baseline,,3,,94,30,128,8.333e-07,0.166660,,,0.056000
baseline,,3,,95,31,128,7.877e-07,0.157540,,,0.045000
baseline,,3,,96,32,128,7.432e-07,0.148640,,,0.054000
baseline,,4,,97,1,128,6.997e-07,0.139940,,,0.044000
baseline,,4,,98,2,128,6.574e-07,0.131480,,,0.048000
baseline,,4,,99,3,128,6.162e-07,0.123240,,,0.058000
baseline,,4,,100,4,128,5.761e-07,0.115220,,,0.038000
baseline,,4,,101,5,128,5.372e-07,0.107440,,,0.048000
baseline,,4,,102,6,128,4.995e-07,0.099900,,,0.046000
baseline,,4,,103,7,128,4.63e-07,0.092600,,,0.057000
baseline,,4,,104,8,128,4.278e-07,0.085560,,,0.048000
baseline,,4,,105,9,128,3.938e-07,0.078760,,,0.056000
baseline,,4,,106,10,128,3.612e-07,0.072240,,,0.051000
baseline,,4,,107,11,128,3.298e-07,0.065960,,,0.048000
baseline,,4,,108,12,128,2.998e-07,0.059960,,,0.042000
baseline,,4,,109,13,128,2.711e-07,0.054220,,,0.046000
baseline,,4,,110,14,128,2.438e-07,0.048760,,,0.054000
baseline,,4,,111,15,128,2.178e-07,0.043560,,,0.047000
baseline,,4,,112,16,128,1.933e-07,0.038660,,,0.056000
baseline,,4,,113,17,128,1.701e-07,0.034020,,,0.041000
baseline,,4,,114,18,128,1.484e-07,0.029680,,,0.049000
baseline,,4,,115,19,128,1.282e-07,0.025640,,,0.046000
baseline,,4,,116,20,128,1.093e-07,0.021860,,,0.043000
baseline,,4,,117,21,128,9.198e-08,0.018396,,,0.051000
baseline,,4,,118,22,128,7.61e-08,0.015220,,,0.059000
baseline,,4,,119,23,128,6.17e-08,0.012340,,,0.044000
baseline,,4,,120,24,128,4.879e-08,0.009758,,,0.042000
baseline,,4,,121,25,128,3.739e-08,0.007478,,,0.041000
baseline,,4,,122,26,128,2.749e-08,0.005498,,,0.061000
baseline,,4,,123,27,128,1.91e-08,0.003820,,,0.041000
baseline,,4,,124,28,128,1.223e-08,0.002446,,,0.041000
baseline,,4,,125,29,128,6.881e-09,0.001376,,,0.044000
baseline,,4,,126,30,128,3.059e-09,0.000612,,,0.046000
baseline,,4,,127,31,128,7.649e-10,0.000153,,,0.033000
baseline,,4,,128,32,128,0,0.000000,,,0.059000
q0,1,,1,1,1,128,5e-06,1.000000,0.700000,0,0.038000
q0,1,,1,2,2,128,4.85e-06,0.970000,0.710000,0,0.038000
q0,1,,1,3,3,128,4.705e-06,0.941000,0.719000,0,0.041000
q0,1,,1,4,4,128,4.555e-06,0.911000,0.729000,0,0.037000
q0,1,,1,5,5,128,4.405e-06,0.881000,0.739000,0,0.040000
q0,1,,1,6,6,128,4.26e-06,0.852000,0.748000,0,0.042000
q0,1,,1,7,7,128,4.11e-06,0.822000,0.758000,0,0.027000
q0,1,,1,8,8,128,3.96e-06,0.792000,0.768000,0,0.036000
q0,1,,1,9,9,128,3.815e-06,0.763000,0.777000,0,0.028000
q0,1,,1,10,10,128,3.665e-06,0.733000,0.787000,0,0.033000
q0,1,,1,11,11,128,3.515e-06,0.703000,0.797000,0,0.038000
q0,1,,1,12,12,128,3.37e-06,0.674000,0.806000,0,0.036000
q0,1,,1,13,13,128,3.22e-06,0.644000,0.816000,0,0.036000
q0,1,,1,14,14,128,3.07e-06,0.614000,0.826000,0,0.049000
q0,1,,1,15,15,128,2.925e-06,0.585000,0.835000,0,0.046000
q0,1,,1,16,16,128,2.775e-06,0.555000,0.845000,0,0.042000
q0,1,,1,17,17,128,2.625e-06,0.525000,0.855000,0,0.046000
q0,1,,1,18,18,128,2.475e-06,0.495000,0.865000,0,0.039000
q0,1,,1,19,19,128,2.33e-06,0.466000,0.874000,0,0.038000
q0,1,,1,20,20,128,2.18e-06,0.436000,0.884000,0,0.041000
q0,1,,1,21,21,128,2.03e-06,0.406000,0.894000,0,0.054000
q0,1,,1,22,22,128,1.885e-06,0.377000,0.903000,0,0.041000
q0,1,,1,23,23,128,1.735e-06,0.347000,0.913000,0,0.032000
q0,1,,1,24,24,128,1.585e-06,0.317000,0.923000,0,0.036000
q0,1,,1,25,25,128,1.44e-06,0.288000,0.932000,0,0.051000
q0,1,,1,26,26,128,1.29e-06,0.258000,0.942000,0,0.042000
q0,1,,1,27,27,128,1.14e-06,0.228000,0.952000,0,0.034000
q0,1,,1,28,28,128,9.95e-07,0.199000,0.961000,0,0.047000
q0,1,,1,29,29,128,8.45e-07,0.169000,0.971000,0,0.041000
q0,1,,1,30,30,128,6.95e-07,0.139000,0.981000,0,0.055000
q0,1,,1,31,31,128,5.5e-07,0.110000,0.990000,0,0.046000
q0,1,,1,32,32,128,4e-07,0.080000,1.000000,0,0.042000
q0,1,,2,33,1,128,5e-06,1.000000,0.700000,0,0.044000
q0,1,,2,34,2,128,4.85e-06,0.970000,0.710000,0,0.029000
q0,1,,2,35,3,128,4.705e-06,0.941000,0.719000,0,0.039000
q0,1,,2,36,4,128,4.555e-06,0.911000,0.729000,0,0.029000
q0,1,,2,37,5,128,4.405e-06,0.881000,0.739000,0,0.036000
q0,1,,2,38,6,128,4.26e-06,0.852000,0.748000,0,0.039000
q0,1,,2,39,7,128,4.11e-06,0.822000,0.758000,0,0.041000
q0,1,,2,40,8,128,3.96e-06,0.792000,0.768000,0,0.060000
q0,1,,2,41,9,128,3.815e-06,0.763000,0.777000,0,0.032000
q0,1,,2,42,10,128,3.665e-06,0.733000,0.787000,0,0.042000
q0,1,,2,43,11,128,3.515e-06,0.703000,0.797000,0,0.046000
q0,1,,2,44,12,128,3.37e-06,0.674000,0.806000,0,0.034000
q0,1,,2,45,13,128,3.22e-06,0.644000,0.816000,0,0.025000
q0,1,,2,46,14,128,3.07e-06,0.614000,0.826000,0,0.051000
q0,1,,2,47,15,128,2.925e-06,0.585000,0.835000,0,0.046000
q0,1,,2,48,16,128,2.775e-06,0.555000,0.845000,0,0.030000
q0,1,,2,49,17,128,2.625e-06,0.525000,0.855000,0,0.028000
q0,1,,2,50,18,128,2.475e-06,0.495000,0.865000,0,0.037000
q0,1,,2,51,19,128,2.33e-06,0.466000,0.874000,0,0.033000
q0,1,,2,52,20,128,2.18e-06,0.436000,0.884000,0,0.032000
q0,1,,2,53,21,128,2.03e-06,0.406000,0.894000,0,0.042000
q0,1,,2,54,22,128,1.885e-06,0.377000,0.903000,0,0.039000
q0,1,,2,55,23,128,1.735e-06,0.347000,0.913000,0,0.033000
q0,1,,2,56,24,128,1.585e-06,0.317000,0.923000,0,0.034000
q0,1,,2,57,25,128,1.44e-06,0.288000,0.932000,0,0.039000
q0,1,,2,58,26,128,1.29e-06,0.258000,0.942000,0,0.034000
q0,1,,2,59,27,128,1.14e-06,0.228000,0.952000,0,0.040000
q0,1,,2,60,28,128,9.95e-07,0.199000,0.961000,0,0.031000
q0,1,,2,61,29,128,8.45e-07,0.169000,0.971000,0,0.039000
q0,1,,2,62,30,128,6.95e-07,0.139000,0.981000,0,0.040000
q0,1,,2,63,31,128,5.5e-07,0.110000,0.990000,0,0.039000
q0,1,,2,64,32,128,4e-07,0.080000,1.000000,0,0.041000
q0,1,,3,65,1,128,5e-06,1.000000,0.700000,1,0.037000
q0,1,,3,66,2,128,4.85e-06,0.970000,0.710000,1,0.040000
q0,1,,3,67,3,128,4.705e-06,0.941000,0.719000,1,0.047000
q0,1,,3,68,4,128,4.555e-06,0.911000,0.729000,1,0.039000
q0,1,,3,69,5,128,4.405e-06,0.881000,0.739000,1,0.040000
q0,1,,3,70,6,128,4.26e-06,0.852000,0.748000,1,0.036000
q0,1,,3,71,7,128,4.11e-06,0.822000,0.758000,1,0.034000
q0,1,,3,72,8,128,3.96e-06,0.792000,0.768000,1,0.036000
q0,1,,3,73,9,128,3.815e-06,0.763000,0.777000,1,0.045000
q0,1,,3,74,10,128,3.665e-06,0.733000,0.787000,1,0.048000
q0,1,,3,75,11,128,3.515e-06,0.703000,0.797000,1,0.040000
q0,1,,3,76,12,128,3.37e-06,0.674000,0.806000,1,0.037000
q0,1,,3,77,13,128,3.22e-06,0.644000,0.816000,1,0.041000
q0,1,,3,78,14,128,3.07e-06,0.614000,0.826000,1,0.036000
q0,1,,3,79,15,128,2.925e-06,0.585000,0.835000,1,0.037000
q0,1,,3,80,16,128,2.775e-06,0.555000,0.845000,1,0.040000
q0,1,,3,81,17,128,2.625e-06,0.525000,0.855000,1,0.026000
q0,1,,3,82,18,128,2.475e-06,0.495000,0.865000,1,0.030000
q0,1,,3,83,19,128,2.33e-06,0.466000,0.874000,1,0.047000
q0,1,,3,84,20,128,2.18e-06,0.436000,0.884000,1,0.042000
q0,1,,3,85,21,128,2.03e-06,0.406000,0.894000,1,0.036000
q0,1,,3,86,22,128,1.885e-06,0.377000,0.903000,1,0.044000
q0,1,,3,87,23,128,1.735e-06,0.347000,0.913000,1,0.036000
q0,1,,3,88,24,128,1.585e-06,0.317000,0.923000,1,0.029000
q0,1,,3,89,25,128,1.44e-06,0.288000,0.932000,1,0.025000
q0,1,,3,90,26,128,1.29e-06,0.258000,0.942000,1,0.048000
q0,1,,3,91,27,128,1.14e-06,0.228000,0.952000,1,0.043000
q0,1,,3,92,28,128,9.95e-07,0.199000,0.961000,1,0.043000
q0,1,,3,93,29,128,8.45e-07,0.169000,0.971000,1,0.034000
q0,1,,3,94,30,128,6.95e-07,0.139000,0.981000,1,0.047000
q0,1,,3,95,31,128,5.5e-07,0.110000,0.990000,1,0.035000
q0,1,,3,96,32,128,4e-07,0.080000,1.000000,1,0.025000
q0,1,,4,97,1,128,5e-06,1.000000,0.700000,1,0.039000
q0,1,,4,98,2,128,4.85e-06,0.970000,0.710000,1,0.035000
q0,1,,4,99,3,128,4.705e-06,0.941000,0.719000,1,0.034000
q0,1,,4,100,4,128,4.555e-06,0.911000,0.729000,1,0.041000
q0,1,,4,101,5,128,4.405e-06,0.881000,0.739000,1,0.050000
q0,1,,4,102,6,128,4.26e-06,0.852000,0.748000,1,0.048000
q0,1,,4,103,7,128,4.11e-06,0.822000,0.758000,1,0.033000
q0,1,,4,104,8,128,3.96e-06,0.792000,0.768000,1,0.031000
q0,1,,4,105,9,128,3.815e-06,0.763000,0.777000,1,0.046000
q0,1,,4,106,10,128,3.665e-06,0.733000,0.787000,1,0.041000
q0,1,,4,107,11,128,3.515e-06,0.703000,0.797000,1,0.036000
q0,1,,4,108,12,128,3.37e-06,0.674000,0.806000,1,0.038000
q0,1,,4,109,13,128,3.22e-06,0.644000,0.816000,1,0.041000
q0,1,,4,110,14,128,3.07e-06,0.614000,0.826000,1,0.035000
q0,1,,4,111,15,128,2.925e-06,0.585000,0.835000,1,0.034000
q0,1,,4,112,16,128,2.775e-06,0.555000,0.845000,1,0.049000
q0,1,,4,113,17,128,2.625e-06,0.525000,0.855000,1,0.029000
q0,1,,4,114,18,128,2.475e-06,0.495000,0.865000,1,0.036000
q0,1,,4,115,19,128,2.33e-06,0.466000,0.874000,1,0.051000
q0,1,,4,116,20,128,2.18e-06,0.436000,0.884000,1,0.042000
q0,1,,4,117,21,128,2.03e-06,0.406000,0.894000,1,0.044000
q0,1,,4,118,22,128,1.885e-06,0.377000,0.903000,1,0.039000
q0,1,,4,119,23,128,1.735e-06,0.347000,0.913000,1,0.058000
q0,1,,4,120,24,128,1.585e-06,0.317000,0.923000,1,0.033000
q0,1,,4,121,25,128,1.44e-06,0.288000,0.932000,1,0.040000
q0,1,,4,122,26,128,1.29e-06,0.258000,0.942000,1,0.034000
q0,1,,4,123,27,128,1.14e-06,0.228000,0.952000,1,0.050000
q0,1,,4,124,28,128,9.95e-07,0.199000,0.961000,1,0.034000
q0,1,,4,125,29,128,8.45e-07,0.169000,0.971000,1,0.029000
q0,1,,4,126,30,128,6.95e-07,0.139000,0.981000,1,0.042000
q0,1,,4,127,31,128,5.5e-07,0.110000,0.990000,1,0.043000
q0,1,,4,128,32,128,4e-07,0.080000,1.000000,1,0.045000
q0,2,,1,1,1,128,5e-06,1.000000,0.700000,0,0.039000
q0,2,,1,2,2,128,4.85e-06,0.970000,0.710000,0,0.043000
q0,2,,1,3,3,128,4.705e-06,0.941000,0.719000,0,0.049000
q0,2,,1,4,4,128,4.555e-06,0.911000,0.729000,0,0.034000
q0,2,,1,5,5,128,4.405e-06,0.881000,0.739000,0,0.039000
q0,2,,1,6,6,128,4.26e-06,0.852000,0.748000,0,0.046000
q0,2,,1,7,7,128,4.11e-06,0.822000,0.758000,0,0.037000
q0,2,,1,8,8,128,3.96e-06,0.792000,0.768000,0,0.030000
q0,2,,1,9,9,128,3.815e-06,0.763000,0.777000,0,0.041000
q0,2,,1,10,10,128,3.665e-06,0.733000,0.787000,0,0.037000
q0,2,,1,11,11,128,3.515e-06,0.703000,0.797000,0,0.047000
q0,2,,1,12,12,128,3.37e-06,0.674000,0.806000,0,0.029000
q0,2,,1,13,13,128,3.22e-06,0.644000,0.816000,0,0.030000
q0,2,,1,14,14,128,3.07e-06,0.614000,0.826000,0,0.035000
q0,2,,1,15,15,128,2.925e-06,0.585000,0.835000,0,0.040000
q0,2,,1,16,16,128,2.775e-06,0.555000,0.845000,0,0.032000
q0,2,,1,17,17,128,2.625e-06,0.525000,0.855000,0,0.034000
q0,2,,1,18,18,128,2.475e-06,0.495000,0.865000,0,0.040000
q0,2,,1,19,19,128,2.33e-06,0.466000,0.874000,0,0.046000
q0,2,,1,20,20,128,2.18e-06,0.436000,0.884000,0,0.033000
q0,2,,1,21,21,128,2.03e-06,0.406000,0.894000,0,0.034000
q0,2,,1,22,22,128,1.885e-06,0.377000,0.903000,0,0.034000
q0,2,,1,23,23,128,1.735e-06,0.347000,0.913000,0,0.036000
q0,2,,1,24,24,128,1.585e-06,0.317000,0.923000,0,0.035000
q0,2,,1,25,25,128,1.44e-06,0.288000,0.932000,0,0.032000
q0,2,,1,26,26,128,1.29e-06,0.258000,0.942000,0,0.038000
q0,2,,1,27,27,128,1.14e-06,0.228000,0.952000,0,0.049000
q0,2,,1,28,28,128,9.95e-07,0.199000,0.961000,0,0.040000
q0,2,,1,29,29,128,8.45e-07,0.169000,0.971000,0,0.043000
q0,2,,1,30,30,128,6.95e-07,0.139000,0.981000,0,0.039000
q0,2,,1,31,31,128,5.5e-07,0.110000,0.990000,0,0.036000
q0,2,,1,32,32,128,4e-07,0.080000,1.000000,0,0.050000
q0,2,,2,33,1,128,5e-06,1.000000,0.700000,0,0.031000
q0,2,,2,34,2,128,4.85e-06,0.970000,0.710000,0,0.025000
q0,2,,2,35,3,128,4.705e-06,0.941000,0.719000,0,0.044000
q0,2,,2,36,4,128,4.555e-06,0.911000,0.729000,0,0.037000
q0,2,,2,37,5,128,4.405e-06,0.881000,0.739000,0,0.043000
q0,2,,2,38,6,128,4.26e-06,0.852000,0.748000,0,0.039000
q0,2,,2,39,7,128,4.11e-06,0.822000,0.758000,0,0.046000
q0,2,,2,40,8,128,3.96e-06,0.792000,0.768000,0,0.042000
q0,2,,2,41,9,128,3.815e-06,0.763000,0.777000,0,0.043000
q0,2,,2,42,10,128,3.665e-06,0.733000,0.787000,0,0.052000
q0,2,,2,43,11,128,3.515e-06,0.703000,0.797000,0,0.040000
q0,2,,2,44,12,128,3.37e-06,0.674000,0.806000,0,0.040000
q0,2,,2,45,13,128,3.22e-06,0.644000,0.816000,0,0.029000
q0,2,,2,46,14,128,3.07e-06,0.614000,0.826000,0,0.045000
q0,2,,2,47,15,128,2.925e-06,0.585000,0.835000,0,0.039000
q0,2,,2,48,16,128,2.775e-06,0.555000,0.845000,0,0.048000
q0,2,,2,49,17,128,2.625e-06,0.525000,0.855000,0,0.043000
q0,2,,2,50,18,128,2.475e-06,0.495000,0.865000,0,0.050000
q0,2,,2,51,19,128,2.33e-06,0.466000,0.874000,0,0.047000
q0,2,,2,52,20,128,2.18e-06,0.436000,0.884000,0,0.034000
q0,2,,2,53,21,128,2.03e-06,0.406000,0.894000,0,0.038000
q0,2,,2,54,22,128,1.885e-06,0.377000,0.903000,0,0.039000
q0,2,,2,55,23,128,1.735e-06,0.347000,0.913000,0,0.031000
q0,2,,2,56,24,128,1.585e-06,0.317000,0.923000,0,0.045000
q0,2,,2,57,25,128,1.44e-06,0.288000,0.932000,0,0.038000
q0,2,,2,58,26,128,1.29e-06,0.258000,0.942000,0,0.047000
q0,2,,2,59,27,128,1.14e-06,0.228000,0.952000,0,0.037000
q0,2,,2,60,28,128,9.95e-07,0.199000,0.961000,0,0.037000
q0,2,,2,61,29,128,8.45e-07,0.169000,0.971000,0,0.048000
q0,2,,2,62,30,128,6.95e-07,0.139000,0.981000,0,0.042000
q0,2,,2,63,31,128,5.5e-07,0.110000,0.990000,0,0.042000
q0,2,,2,64,32,128,4e-07,0.080000,1.000000,0,0.039000
q0,2,,3,65,1,128,5e-06,1.000000,0.700000,1,0.052000
q0,2,,3,66,2,128,4.85e-06,0.970000,0.710000,1,0.039000
q0,2,,3,67,3,128,4.705e-06,0.941000,0.719000,1,0.030000
q0,2,,3,68,4,128,4.555e-06,0.911000,0.729000,1,0.037000
q0,2,,3,69,5,128,4.405e-06,0.881000,0.739000,1,0.049000
q0,2,,3,70,6,128,4.26e-06,0.852000,0.748000,1,0.045000
q0,2,,3,71,7,128,4.11e-06,0.822000,0.758000,1,0.045000
q0,2,,3,72,8,128,3.96e-06,0.792000,0.768000,1,0.048000
q0,2,,3,73,9,128,3.815e-06,0.763000,0.777000,1,0.043000
q0,2,,3,74,10,128,3.665e-06,0.733000,0.787000,1,0.041000
q0,2,,3,75,11,128,3.515e-06,0.703000,0.797000,1,0.055000
q0,2,,3,76,12,128,3.37e-06,0.674000,0.806000,1,0.048000
q0,2,,3,77,13,128,3.22e-06,0.644000,0.816000,1,0.053000
q0,2,,3,78,14,128,3.07e-06,0.614000,0.826000,1,0.034000
q0,2,,3,79,15,128,2.925e-06,0.585000,0.835000,1,0.045000
q0,2,,3,80,16,128,2.775e-06,0.555000,0.845000,1,0.041000
q0,2,,3,81,17,128,2.625e-06,0.525000,0.855000,1,0.045000
q0,2,,3,82,18,128,2.475e-06,0.495000,0.865000,1,0.037000
q0,2,,3,83,19,128,2.33e-06,0.466000,0.874000,1,0.055000
q0,2,,3,84,20,128,2.18e-06,0.436000,0.884000,1,0.040000
q0,2,,3,85,21,128,2.03e-06,0.406000,0.894000,1,0.045000
q0,2,,3,86,22,128,1.885e-06,0.377000,0.903000,1,0.054000
q0,2,,3,87,23,128,1.735e-06,0.347000,0.913000,1,0.031000
q0,2,,3,88,24,128,1.585e-06,0.317000,0.923000,1,0.039000
q0,2,,3,89,25,128,1.44e-06,0.288000,0.932000,1,0.038000
q0,2,,3,90,26,128,1.29e-06,0.258000,0.942000,1,0.049000
q0,2,,3,91,27,128,1.14e-06,0.228000,0.952000,1,0.039000
q0,2,,3,92,28,128,9.95e-07,0.199000,0.961000,1,0.046000
q0,2,,3,93,29,128,8.45e-07,0.169000,0.971000,1,0.034000
q0,2,,3,94,30,128,6.95e-07,0.139000,0.981000,1,0.038000
q0,2,,3,95,31,128,5.5e-07,0.110000,0.990000,1,0.046000
q0,2,,3,96,32,128,4e-07,0.080000,1.000000,1,0.040000
q0,2,,4,97,1,128,5e-06,1.000000,0.700000,1,0.043000
q0,2,,4,98,2,128,4.85e-06,0.970000,0.710000,1,0.038000
q0,2,,4,99,3,128,4.705e-06,0.941000,0.719000,1,0.038000
q0,2,,4,100,4,128,4.555e-06,0.911000,0.729000,1,0.036000
q0,2,,4,101,5,128,4.405e-06,0.881000,0.739000,1,0.063000
q0,2,,4,102,6,128,4.26e-06,0.852000,0.748000,1,0.050000
q0,2,,4,103,7,128,4.11e-06,0.822000,0.758000,1,0.038000
q0,2,,4,104,8,128,3.96e-06,0.792000,0.768000,1,0.040000
q0,2,,4,105,9,128,3.815e-06,0.763000,0.777000,1,0.051000
q0,2,,4,106,10,128,3.665e-06,0.733000,0.787000,1,0.048000
q0,2,,4,107,11,128,3.515e-06,0.703000,0.797000,1,0.041000
q0,2,,4,108,12,128,3.37e-06,0.674000,0.806000,1,0.048000
q0,2,,4,109,13,128,3.22e-06,0.644000,0.816000,1,0.043000
q0,2,,4,110,14,128,3.07e-06,0.614000,0.826000,1,0.040000
q0,2,,4,111,15,128,2.925e-06,0.585000,0.835000,1,0.043000
q0,2,,4,112,16,128,2.775e-06,0.555000,0.845000,1,0.050000
q0,2,,4,113,17,128,2.625e-06,0.525000,0.855000,1,0.036000
q0,2,,4,114,18,128,2.475e-06,0.495000,0.865000,1,0.060000
q0,2,,4,115,19,128,2.33e-06,0.466000,0.874000,1,0.039000
q0,2,,4,116,20,128,2.18e-06,0.436000,0.884000,1,0.040000
q0,2,,4,117,21,128,2.03e-06,0.406000,0.894000,1,0.057000
q0,2,,4,118,22,128,1.885e-06,0.377000,0.903000,1,0.041000
q0,2,,4,119,23,128,1.735e-06,0.347000,0.913000,1,0.039000
q0,2,,4,120,24,128,1.585e-06,0.317000,0.923000,1,0.040000
q0,2,,4,121,25,128,1.44e-06,0.288000,0.932000,1,0.045000
q0,2,,4,122,26,128,1.29e-06,0.258000,0.942000,1,0.045000
q0,2,,4,123,27,128,1.14e-06,0.228000,0.952000,1,0.034000
q0,2,,4,124,28,128,9.95e-07,0.199000,0.961000,1,0.043000
q0,2,,4,125,29,128,8.45e-07,0.169000,0.971000,1,0.045000
q0,2,,4,126,30,128,6.95e-07,0.139000,0.981000,1,0.036000
q0,2,,4,127,31,128,5.5e-07,0.110000,0.990000,1,0.048000
q0,2,,4,128,32,128,4e-07,0.080000,1.000000,1,0.035000
